기관명,주소,우편번호
풍덕어린이집,전라남도 순천시 역전광장3길 15 (풍덕동),57962
영현어린이집,전라남도 순천시 별량면 봉덕1길 27,58032
연향어린이집,전라남도 순천시 연향2로 60 (연향동),57981
강청어린이집,전라남도 순천시 서면 강청길 134,57926
저전보듬이나눔이어린이집,전라남도 순천시 정충사길 5 (저전동),57957
보배어린이집,"전라남도 순천시 연향2로 55 (연향동, 대우아파트) 관리동",57976
선양어린이집,전라남도 순천시 덕월1길 34 (덕월동),57997
서영어린이집,전라남도 순천시 두지길 16 (조례동),57931
남순천어린이집,전라남도 순천시 산행길 13 (옥천동),57941
우석어린이집,전라남도 순천시 서면 선평길 11,57925
도레미어린이집,전라남도 순천시 봉화2길 139 (조례동),57934
봉화어린이집,전라남도 순천시 업동2길 33 (용당동),57935
동부어린이집,전라남도 순천시 동문외2길 15 (동외동),57942
현대어린이집,전라남도 순천시 가곡길 82-11 (가곡동),57923
성가롤로병원어린이집,전라남도 순천시 순광로 221,57931
가곡어린이집,전라남도 순천시 서면 선평길 25,57925
삐아제어린이집,전라남도 순천시 덕암삼거리길 48 (덕암동),57965
송죽원어린이집,전라남도 순천시 상대석길 103 (연향동),57982
수정어린이집,전라남도 순천시 해룡면 좌야로 135 604동 102호(중흥에스-클래스 6단지 메가타운),58006
피노키오어린이집,전라남도 순천시 덕암2길 40 (연향동),57991
예사랑어린이집,전라남도 순천시 기적의도서관길 90 (부영3차아파트) 관리동,57984
예슬아어린이집,"전라남도 순천시 지봉로 485 (조례동, 대주아파트) 관리동",57969
코끼리어린이집,전라남도 순천시 복성길 9 (해룡면),57972
하나둘셋어린이집,전라남도 순천시 상성길 274 (해룡면),58005
예쁜어린이집,"전라남도 순천시 연향번영길 94 (연향동, 연향동 동성아파트) 관리동",57977
대광새싹어린이집,전라남도 순천시 해룡면 연향로 166 (대광로제비앙-센트럴) 관리동,58005
삼성프렌즈어린이집,"전라남도 순천시 삼산로 135-5 (용당동, 삼성아파트) 관리동",57936
파란나라어린이집,"전라남도 순천시 조례연동길 5 (조례동, 순천조례3차 대주파크빌) 관리동",57948
평안어린이집,전라남도 순천시 삼산로 92-23 (용당동),57935
아이꿈터어린이집,전라남도 순천시 신흥중1길 13 (해룡면),57975
아림킨더하우스어린이집,전라남도 순천시 왕지로 153 (왕지동),57931
금당제일어린이집,전라남도 순천시 순광로 177 (조례동),57931
천사어린이집,"전라남도 순천시 봉화2길 116 (조례동, 조례주공7단지아파트) 관리동",57946
배들어린이집,전라남도 순천시 배들이길 17 (선평배들마을아파트) 관리동,57925
아이키움어린이집,"전라남도 순천시 안산길 5 (연향동, 호반리젠시빌1차아파트) 관리동",58004
샛별어린이집,전라남도 순천시 석현길 63 (석현동),57922
은현어린이집,전라남도 순천시 수박등3길 52 (생목동),57953
꿈의땅어린이집,전라남도 순천시 이수1길 35-24 (생목동),57965
슬기별어린이집,전라남도 순천시 용당초등길 33-27 (용당동),57936
꿈동산몬테소리어린이집,전라남도 순천시 팔마로 269 (연향동),57992
동글동글어린이집,전라남도 순천시 소안길 48 (해룡면),58019
해바라기어린이집,전라남도 순천시 송정길 36-55 (조례동),57944
연향삐아제어린이집,전라남도 순천시 율산길 37-13 (연향동),58003
이솝어린이집,전라남도 순천시 연동남1길 31 (조례동),57970
한샘어린이집,"전라남도 순천시 덕월길 22 102동 106호(덕월동, 우성아파트)",57997
아기천사어린이집,전라남도 순천시 장선배기길 90 (조례동),57974
아이꿈어린이집,"전라남도 순천시 연동남길 24 109동 105호(조례동, 연동대주파크빌1차아파트)",57971
샬롬비테에어린이집,전라남도 순천시 해룡면 신대로 66 218동 102호(중흥에스-클래스2단지),58017
아해뜰어린이집,전라남도 순천시 도장길 31 (연향동),58003
ing몬테소리어린이집,"전라남도 순천시 봉화2길 128 205동 105호(조례동, 대림2차아파트)",57934
어깨동무어린이집,"전라남도 순천시 조례연동길 5 310동 105호(조례동, 순천조례3차 대주파크빌)",57948
꼬마또래어린이집,"전라남도 순천시 연향1로 40 105동 102호(연향동, 금호아파트)",57989
신원어린이집,"전라남도 순천시 지봉로 372-5 101동 103호 (해룡면, 신원아르시스)",57973
청암어린이집,"전라남도 순천시 백연길 105 201동 107호(조례동, 연동대주파크빌아파트)",57971
새나라어린이집,"전라남도 순천시 생목길 1 (생목동, 벽산아파트) 관리동",57952
새꿈어린이집,전라남도 순천시 해룡면 신대로 66 210동 101호(중흥에스-클래스2단지),58017
코아루어린이집,"전라남도 순천시 안산길 50 103동 101호(연향동, 코아루아파트)",58004
동화나라어린이집,전라남도 순천시 상대석길 13 902동 108호(부영9차아파트),57983
참사랑어린이집,"전라남도 순천시 오천4길 21 104동 103호(풍덕동, 골드클레스)",57998
대주파크어린이집,"전라남도 순천시 조례연동길 5 310동 103호(조례동, 연동대주파크빌3차아파트)",57948
리틀영재어린이집,전라남도 순천시 해룡면 좌야로 135 614동 103호(중흥에스-클래스 6단지 메가타운),58006
뽀로롱어린이집,전라남도 순천시 율산공원길 16 (연향동),58003
사과나무어린이집,전라남도 순천시 해룡면 좌야로 159-14 912동 102호(중흥에듀힐스9단지),58006
키즈fun칼리지어린이집,전라남도 순천시 동명초등길 13 (해룡면),57986
순천제일대학교보육교사교육원부설어린이집,전라남도 순천시 제일대학길 17 (덕월동) 순천제일대학교,57997
한솔어린이집,전라남도 순천시 해룡면 신대로 96 315-103(중흥에스-클래스3단지),58015
더조은어린이집,"전라남도 순천시 팔마4길 40 106동 104호(연향동, 세영더조은아파트)",58002
여이레몬테소리어린이집,"전라남도 순천시 조례연동길 5 311동 106호(조례동, 순천조례 대주파크빌)",57948
프뢰벨어린이집,"전라남도 순천시 가곡길 30 101동 104호(가곡동, 신영아파트)",57923
킨더스쿨어린이집,"전라남도 순천시 연향중앙상가길 41 202동 104호(연향동, 연향2단지 현대아파트)",57976
꼬마영재어린이집,"전라남도 순천시 왕궁길 95 106동 102호(조례동, 왕지송촌프라임아파트)",57970
하늘아이어린이집,"전라남도 순천시 왕궁길 55 102동 101호 (조례동,왕지아파트)",57970
아띠어린이집,전라남도 순천시 율산공원길 97 (연향동),58003
송촌하늘아이어린이집,전라남도 순천시 왕궁길 95 106동 103호(왕지송촌프라임아파트),57970
숲속어린이집,전라남도 순천시 충숙길 42 (용당동),57935
청아어린이집,전라남도 순천시 해룡면 좌야로 135 607동 101호(중흥에스-클래스6단지메가타운),58006
으뜸어린이집,전라남도 순천시 비봉길 21 (조례동),57933
햇빛어린이집,"전라남도 순천시 대석길 98 202동 105호(해룡면, 청솔아파트)",57985
키즈비전어린이집,전라남도 순천시 해룡면 좌야로 135 601동 102호(중흥에스-클래스 6단지 메가타운),58006
우주어린이집,"전라남도 순천시 비봉2길 22 (조례동, 시대아파트) 관리동",57929
뽀뽀어린이집,"전라남도 순천시 장선배기길 55 103동 105호(조례동, 동신1차아파트)",57969
꿈꾸는어린이집,"전라남도 순천시 연향중앙상가길 56 104동 108호(연향동, 동부아파트)",57977
오렌지어린이집,전라남도 순천시 대석초등길 69 (연향동),57987
아름다운어린이집,전라남도 순천시 덕암1길 8 (덕암동),57965
꿈나무어린이집,전라남도 순천시 해룡면 신대로 97 506-105(신대중흥s클래스5단지),58014
한빛어린이집,전라남도 순천시 오리정3길 64 (석현동),57937
엄마품어린이집,전라남도 순천시 해룡면 신대로 96 308동 102호(중흥에스-클래스3단지),58015
꼬마화가어린이집,전라남도 순천시 삼동안길 33 (해룡면),57973
낙안어린이집,전라남도 순천시 낙안면 민속마을길 1690,57918
아이숲어린이집,전라남도 순천시 해룡면 기적의도서관길 90 305동 103호(부영3차아파트),57984
승주어린이집,전라남도 순천시 승주읍 승평길 15,57908
꿈나래어린이집,"전라남도 순천시 연향1로 40 3동 106호(연향동, 금호아파트)",57989
오즈어린이집,"전라남도 순천시 조례1길 9 107동 101호(조례동, 금호아파트)",57947
휴튼어린이집,"전라남도 순천시 조례1길 60 (조례동, 남양휴튼) 관리동",57947
삼산어린이집,"전라남도 순천시 삼산로 103-13 109동 101호(용당동, 현대아파트)",57936
온누리어린이집,"전라남도 순천시 봉화1길 146 902동104호(조례동, 봉화그린빌아파트)",57945
태양어린이집,"전라남도 순천시 장선배기길 63 201동 105호(조례동, 중흥2차아파트)",57969
대주하늘꿈어린이집,"전라남도 순천시 기적의도서관2길 35 105동 103호(연향동, 대주파크빌아파트)",57987
색깔나라어린이집,"전라남도 순천시 연향2로 56 102동 108호(연향동, 우미아파트)",57981
동부종합복지관 어린이집,전라남도 순천시 장선배기길 18 (조례동),57975
라움어린이집,"전라남도 순천시 왕지3길 60 (왕지동, 롯데캐슬아파트) 관리동",57930
가곡참샘어린이집,"전라남도 순천시 고지1길 57 (가곡동, 참샘마을휴먼시아) 관리동",57924
동그라미유아스쿨어린이집,"전라남도 순천시 장선배기길 77 (조례동,부영5차아파트) 관리동",57969
두산위브어린이집,"전라남도 순천시 왕지3길 55 (왕지동, 순천두산위브1단지아파트) 관리동",57930
아이조아어린이집,"전라남도 순천시 왕지5길 9-26 (왕지동, 순천두산위브2단지아파트) 관리동",57930
라송어린이집,"전라남도 순천시 강청길 82 (서면, 라송 센트럴카운티) 관리동",57926
현대키즈어린이집,"전라남도 순천시 연향중앙상가길 80 106동 104호(연향동, 현대1차아파트)",57980
정다운어린이집,전라남도 순천시 봉화로 231 (조례동),57945
너랑나랑어린이집,전라남도 순천시 해룡면 좌야로 101 101동 105호(중흥에스-클래스1단지아파트),58013
아기별어린이집,"전라남도 순천시 왕지3길 60 102동 102호(왕지동, 롯데캐슬아파트)",57930
키즈러브어린이집,전라남도 순천시 해룡면 좌야로 101 104동 101호 (중흥에스-클래스1단지아파트),58013
꼬마친구어린이집,전라남도 순천시 서면 강청길 82 106동 103호 (순천 라송 센트럴카운티),57926
대주키즈맘어린이집,"전라남도 순천시 조례연동길 5 312동 102호(조례동, 순천조례3차대주파크빌)",57948
청미래어린이집,"전라남도 순천시 호현1길 26 302동 102호 (덕월동, 청미래아파트)",58026
아이꽃어린이집,전라남도 순천시 해룡면 좌야로 101 (중흥에스-클래스1단지) 관리동(108동 1층),58013
코레일순천어린이집,전라남도 순천시 율전1길 12,57955
신대참이어린이집,전라남도 순천시 해룡면 신대로 66 (중흥에스-클래스2단지) 관리동,58017
신대어린이집,전라남도 순천시 해룡면 매안4길 34,58016
아이유어린이집,전라남도 순천시 해룡면 신대로 97 (중흥에스-클래스5단지) 관리동,58014
온새미로어린이집,전라남도 순천시 해룡면 신대로 96 (중흥에스-클래스3단지) 관리동,58015
수피아어린이집,"전라남도 순천시 삼산로 92-50 (용당동, 용당피오레)",57935
송보이든어린이집,"전라남도 순천시 구암3길 22 (연향동, 송보파인빌아파트) 관리동",57991
로제비앙어린이집,전라남도 순천시 해룡면 백연길 105-7 (대광로제비앙),57973
엘리시아어린이집,"전라남도 순천시 오천8길 15 (오천동, 호반베르디움아파트)관리동(106동 1층)",57996
엘리시아어린이집,"전라남도 순천시 오천8길 15 (오천동, 호반베르디움아파트)관리동(106동 1층)",57996
하늘숲어린이집,전라남도 순천시 해룡면 좌야로 135 중흥에스-클래스 6단지 메가타운) 관리동,58006
오천보듬이나눔이어린이집,전라남도 순천시 풍덕새길 37 (풍덕동),57995
골드클래스어린이집,"전라남도 순천시 오천4길 21 (오천동, 골드클래스)",57998
골드클래스어린이집,"전라남도 순천시 오천4길 21 (오천동, 골드클래스)",57998
신대푸르니어린이집,전라남도 순천시 매안로 162 (신대행정복합시설),58007
순천대학교어린이집,전라남도 순천시 중앙로 255,57922
진아리채어린이집,"전라남도 순천시 오천1길 20 (오천동, 진아리채파크원) 관리동",57999
오천부영사랑으로 어린이집,"전라남도 순천시 오천7길 12 (오천동, 순천오천사랑으로부영아파트) 관리동",57998
순천시청직장어린이집,전라남도 순천시 장천안길 8,57956
선평빛찬들어린이집,전라남도 순천시 서면 선평동선길 36 선평빛찬들아파트,57925
해다미어린이집,전라남도 순천시 오천7길 11,57998
신대중흥8차에코둥이어린이집,전라남도 순천시 해룡면 신대로 147 (중흥에코시티8단지) 관리동,58007
신대중흥7차에코누리어린이집,전라남도 순천시 해룡면 좌야로 150 (중흥에코시티7단지) 관리동,58007
덕진봄이어린이집,"전라남도 순천시 용당삼산로 63 (용당동, 덕진 순천의 봄 아파트) 관리동",57936
신대중흥9차에듀힐스어린이집,전라남도 순천시 해룡면 좌야로 159-14 (중흥에듀힐스9단지) 관리동,58006
용당아이편한어린이집,"전라남도 순천시 용당삼산로 29 (용당동, e편한세상 순천 1단지) 관리동",57936
신매곡어린이집,"전라남도 순천시 삼산초등길 20 (매곡동, 신매곡 서한이다음) 관리동",57939
신대중흥10차에듀하이어린이집,전라남도 순천시 좌야로 179 (중흥에스-클래스에듀하이10단지) 관리동,58006
현대제철순천어린이집,전라남도 순천시 신대4길 4-55 (현대제철순천어린이집),58011
노리숲어린이집,전라남도 순천시 기적의도서관길 95 우미1차 관리동 1층,57983
해가빛어린이집,전라남도 순천시 원가곡길 75 양우내안애 관리동,57924
영무자연어린이집,전라남도 순천시 장승길 27 관리동 1층,57948
조이랜드어린이집,전라남도 순천시 태봉길 31 골드클래스 시그니처 관리실 내,57947
한신더휴어린이집,전라남도 순천시 순광로 234-8 한신더휴아파트 단지내,57972
아람어린이집,전라남도 순천시 대석길 98 청솔2차아파트 관리동,57985
신우직장어린이집,전라남도 순천시 선창길 53-9,58020
아하키즈어린이집,전라남도 순천시 연향1로 40,57989
금호어울림어린이집,전라남도 순천시 강청새길 5,57926
사랑모아어린이집,전라남도 순천시 선평윗길 23 모아엘가리버파크,57925
포레나어린이집,전라남도 순천시 선평동선길 12,57925
더어울림어린이집,전라남도 순천시 선평강청큰길 81 금호어울림더파크2차 관리동 1층,57926
조곡아이편한어린이집,전라남도 순천시 둑실1길 45 순천어반타워 관리동,57943
수자인어린이집,전라남도 순천시 삼산로 173 관리동 1층,57936
순천경찰서어린이집,전라남도 순천시 조비길 2 순천경찰서 내,57923
가곡대광어린이집,전라남도 순천시 중앙로 530 가곡 대광로제비앙 리버팰리스 공동주택 104동 1층,57925
트리마제1단지어린이집,"전라남도 순천시 왕조로 55 (조례동, 트리마제순천1단지)",57931
트리마제2단지어린이집,"전라남도 순천시 왕조로 77 (조례동, 트리마제순천2단지)",57931
오네뜨어린이집,"전라남도 순천시 우명새길 25 (조례동, 순천오네뜨센트럴)",57966
골드킹덤어린이집,전라남도 순천시 봉화1길 83 조례골드클래스3차 308동 로비층,57944
