순번,구분,기관명,주소,우편번호
1,유치원,거문초등학교병설유치원,전남광주통합특별시 여수시 삼산면 녹산등대길 8-17,
2,유치원,경호초등학교병설유치원,전남광주통합특별시 여수시 대경도4길 48 (경호동),
3,유치원,관기초등학교병설유치원,전남광주통합특별시 여수시 소라면 관기길 20,
4,유치원,꽃가람유치원,전남광주통합특별시 여수시 여서2로 20 (여서동,
5,유치원,도원초등학교병설유치원,전남광주통합특별시 여수시 선원4길 38 (선원동),
6,유치원,동백초등학교병설유치원,전남광주통합특별시 여수시 돌산읍 강남10길 27,
7,유치원,미주유치원,전남광주통합특별시 여수시 장성마을길 18-9 (안산동),
8,유치원,백상유치원,전남광주통합특별시 여수시 좌수영로 441 (둔덕동),
9,유치원,상암초등학교병설유치원,전남광주통합특별시 여수시 상암로 625 (상암동),
10,유치원,선경유치원,전남광주통합특별시 여수시 양지3길 16 (미평동),
11,유치원,성모유치원,전남광주통합특별시 여수시 신월로 799-2 (봉강동),
12,유치원,소나무유치원,전남광주통합특별시 여수시 구봉2길 2 (국동),
13,유치원,소라초등학교병설유치원,전남광주통합특별시 여수시 소라면 덕양로 431,
14,유치원,소호초등학교병설유치원,전남광주통합특별시 여수시 소호로 499 (소호동),
15,유치원,송현유치원,전남광주통합특별시 여수시 웅천7길 47 (웅천동),
16,유치원,시온유치원,전남광주통합특별시 여수시 쌍봉로 318-1 (둔덕동),
17,유치원,시전초등학교병설유치원,전남광주통합특별시 여수시 망마로 82-17 (신기동),
18,유치원,신기초등학교병설유치원,전남광주통합특별시 여수시 여천체육공원길 24 (신기동),
19,유치원,신풍초등학교병설유치원,전남광주통합특별시 여수시 율촌면 여순로 435-4,
20,유치원,쌍봉초등학교병설유치원,전남광주통합특별시 여수시 흥국로 47 (학동),
21,유치원,안심초등학교병설유치원,전남광주통합특별시 여수시 소호7길 23 (소호동),
22,유치원,안일초등학교병설유치원,전남광주통합특별시 여수시 화양면 화양로 341-3,
23,유치원,여남초등학교병설유치원,전남광주통합특별시 여수시 남면 금오로 836,
24,유치원,여수구봉초등학교병설유치원,전남광주통합특별시 여수시 구봉산길 51 (국동),
25,유치원,여수남초등학교병설유치원,전남광주통합특별시 여수시 어항로 22 (국동),
26,유치원,여수동초등학교병설유치원,전남광주통합특별시 여수시 진남로 151 (공화동),
27,유치원,여수문수초등학교병설유치원,전남광주통합특별시 여수시 허문정1길 48-5 (문수동),
28,유치원,여수미평초등학교병설유치원,전남광주통합특별시 여수시 좌수영로 390 (미평동),
29,유치원,여수봉산초등학교병설유치원,전남광주통합특별시 여수시 봉산새철4길 28 (봉산동),
30,유치원,여수북초등학교병설유치원,전남광주통합특별시 여수시 망양로 306 (만흥동),
31,유치원,여수서초등학교병설유치원,전남광주통합특별시 여수시 서교1길 29 (서교동),
32,유치원,여수성산유치원,전남광주통합특별시 여수시 대통1길 15 (화장동),
33,유치원,여수신월초등학교병설유치원,전남광주통합특별시 여수시 신월로 614 (신월동),
34,유치원,여수양지초등학교병설유치원,전남광주통합특별시 여수시 양지1길 21 (미평동),
35,유치원,여수여문초등학교병설유치원,전남광주통합특별시 여수시 문수로 142-16 (문수동),
36,유치원,여수종고초등학교병설유치원,전남광주통합특별시 여수시 공화북6길 52 (덕충동),
37,유치원,여수좌수영초등학교병설유치원,전남광주통합특별시 여수시 여문2로 50 (문수동),
38,유치원,여수중앙유치원,전남광주통합특별시 여수시 여문1로 90 (문수동,
39,유치원,여수중앙초등학교병설유치원,전남광주통합특별시 여수시 하멜로 35 (종화동),
40,유치원,여수진남초등학교병설유치원,전남광주통합특별시 여수시 좌수영로 131 (광무동),
41,유치원,여수한려초등학교병설유치원,전남광주통합특별시 여수시 여문1로 80 (문수동),
42,유치원,여천초등학교병설유치원,전남광주통합특별시 여수시 주동1길 30 (주삼동),
43,유치원,여천푸른유치원,전남광주통합특별시 여수시 소호2길 6-3 (소호동),
44,유치원,영재유치원,전남광주통합특별시 여수시 여문2로 37 (문수동),
45,유치원,예울초등학교병설유치원,전남광주통합특별시 여수시 웅천북4로 9 (웅천동),
46,유치원,온누리유치원,전남광주통합특별시 여수시 신기남1길 6-10 (신기동),
47,유치원,웅천초등학교병설유치원,전남광주통합특별시 여수시 웅천중앙로 61 (웅천동),
48,유치원,율촌초등학교병설유치원,전남광주통합특별시 여수시 율촌면 율촌초교길 7,
49,유치원,은혜유치원,전남광주통합특별시 여수시 안산2길 12 (안산동),
50,유치원,제일유치원,전남광주통합특별시 여수시 여문2로 76 (문수동),
51,유치원,죽림초등학교병설유치원,전남광주통합특별시 여수시 소라면 죽림로 60,
52,유치원,킨더숲유치원,전남광주통합특별시 여수시 소라면 안심산길 155,
53,유치원,하늘빛유치원,전남광주통합특별시 여수시 용수길 2-35 (둔덕동),
54,유치원,해바라기유치원,전남광주통합특별시 여수시 무선6길 21 (선원동),
55,유치원,화양초등학교병설유치원,전남광주통합특별시 여수시 화양면 화동로 149,
56,유치원,기린숲유치원,전남광주통합특별시 순천시 해룡면 송산5길 1,
57,유치원,꿈초롱유치원,전남광주통합특별시 순천시 원가곡2길 7-7 (가곡동),
58,유치원,낙안초등학교병설유치원,전남광주통합특별시 순천시 낙안면 동서길 20,
59,유치원,동명초등학교병설유치원,전남광주통합특별시 순천시 해룡면 동명초등길 23,
60,유치원,동산초등학교병설유치원,전남광주통합특별시 순천시 서면 순천로 16,
61,유치원,매안초등학교병설유치원,전남광주통합특별시 순천시 해룡면 좌야로 16,
62,유치원,민들레유치원,전남광주통합특별시 순천시 해룡면 상비매봉길 23,
63,유치원,별량초등학교병설유치원,전남광주통합특별시 순천시 별량면 별량길 58,
64,유치원,상사초등학교병설유치원,전남광주통합특별시 순천시 상사면 상사초등길 55,
65,유치원,새싹유치원,전남광주통합특별시 순천시 강변로 943 (석현동),
66,유치원,성모유치원,전남광주통합특별시 순천시 서문로 19-1 (저전동),
67,유치원,순천남산초등학교병설유치원,전남광주통합특별시 순천시 풍덕새길 89 (풍덕동),
68,유치원,순천남초등학교병설유치원,전남광주통합특별시 순천시 서문로 7 (저전동),
69,유치원,순천대석초등학교병설유치원,전남광주통합특별시 순천시 기적의도서관2길 52 (연향동),
70,유치원,순천도사초등학교병설유치원,전남광주통합특별시 순천시 순천만길 166 (홍내동),
71,유치원,순천봉화초등학교병설유치원,전남광주통합특별시 순천시 봉화1길 57 (조례동),
72,유치원,순천부영초등학교병설유치원,전남광주통합특별시 순천시 연향중앙상가길 68 (연향동),
73,유치원,순천북유치원,전남광주통합특별시 순천시 북정3길 11 (매곡동),
74,유치원,순천비봉유치원,전남광주통합특별시 순천시 비봉길 90-1 (조례동),
75,유치원,순천성남초등학교병설유치원,전남광주통합특별시 순천시 우석로 160 (남정동),
76,유치원,순천성동초등학교병설유치원,전남광주통합특별시 순천시 황금2길 28 (동외동),
77,유치원,순천신흥초등학교병설유치원,전남광주통합특별시 순천시 장선배기길 60 (조례동),
78,유치원,순천연향초등학교병설유치원,전남광주통합특별시 순천시 연향번영길 11 (연향동),
79,유치원,순천왕운초등학교병설유치원,전남광주통합특별시 순천시 왕지3길 41 (왕지동),
80,유치원,순천왕조초등학교병설유치원,전남광주통합특별시 순천시 봉화1길 105 (조례동),
81,유치원,순천왕지초등학교병설유치원,전남광주통합특별시 순천시 연동남3길 8 (조례동),
82,유치원,순천율산유치원,전남광주통합특별시 순천시 도장길 10 (연향동),
83,유치원,순천이수초등학교병설유치원,전남광주통합특별시 순천시 우명길 24 (조례동),
84,유치원,순천정원유치원,전남광주통합특별시 순천시 역전장길 55 (풍덕동),
85,유치원,순천제일대학교부설유치원,전남광주통합특별시 순천시 제일대학길 17 (덕월동),
86,유치원,순천조례초등학교병설유치원,전남광주통합특별시 순천시 순광로 15 (조례동),
87,유치원,순천풍덕초등학교병설유치원,전남광주통합특별시 순천시 팔마1길 9-10 (연향동),
88,유치원,승주초등학교병설유치원,전남광주통합특별시 순천시 승주읍 승주로 639,
89,유치원,신대유치원,전남광주통합특별시 순천시 해룡면 좌야로 77-19,
90,유치원,신대초등학교병설유치원,전남광주통합특별시 순천시 해룡면 좌야로 159-10,
91,유치원,아이미소유치원,전남광주통합특별시 순천시 해룡면 매안1길 23,
92,유치원,안데르센유치원,전남광주통합특별시 순천시 왕궁중앙길 34 (조례동),
93,유치원,에코드림유치원,전남광주통합특별시 순천시 해룡면 매안5길 15,
94,유치원,연향석화유치원,전남광주통합특별시 순천시 연향중앙상가길 80 (연향동,
95,유치원,외서초등학교병설유치원,전남광주통합특별시 순천시 외서면 반월로 6,
96,유치원,제일유치원,전남광주통합특별시 순천시 해룡면 상성길 222,
97,유치원,주암초등학교병설유치원,전남광주통합특별시 순천시 주암면 동주로 2093,
98,유치원,창촌초등학교병설유치원,전남광주통합특별시 순천시 주암면 창동주암길 3,
99,유치원,청솔장미유치원,전남광주통합특별시 순천시 해룡면 장선배기길 284 (청솔아파트),
100,유치원,킨더캐슬유치원,전남광주통합특별시 순천시 해룡면 신대로 97 (중흥에스-클래스5단지),
101,유치원,팔마초등학교병설유치원,전남광주통합특별시 순천시 해룡면 장선배기길 113,
102,유치원,해룡초등학교병설유치원,전남광주통합특별시 순천시 해룡면 해룡로 1119,
103,유치원,황전초등학교병설유치원,전남광주통합특별시 순천시 황전면 수평길 21,
104,유치원,힘스유치원,전남광주통합특별시 순천시 해룡면 정채봉길 39-37,
105,유치원,골약초등학교병설유치원,전남광주통합특별시 광양시 하포길 70-7 (황길동),
106,유치원,광양가야초등학교병설유치원,전남광주통합특별시 광양시 가야로 369 (광영동),
107,유치원,광양덕례초등학교병설유치원,전남광주통합특별시 광양시 광양읍 서산길 77,
108,유치원,광양동초등학교병설유치원,전남광주통합특별시 광양시 광양읍 읍성길 61,
109,유치원,광양마동초등학교병설유치원,전남광주통합특별시 광양시 진등6길 14 (마동),
110,유치원,광양마로초등학교병설유치원,전남광주통합특별시 광양시 광양읍 와룡길 60,
111,유치원,광양백운초등학교병설유치원,전남광주통합특별시 광양시 광장로 21 (중동),
112,유치원,광양서초등학교병설유치원,전남광주통합특별시 광양시 광양읍 숲샘길 29,
113,유치원,광양용강초등학교병설유치원,전남광주통합특별시 광양시 광양읍 용강1길 40,
114,유치원,광양제철유치원,전남광주통합특별시 광양시 금호로 84 (금호동),
115,유치원,광양중동초등학교병설유치원,전남광주통합특별시 광양시 광장로 112-6 (중동),
116,유치원,광양중마유치원,전남광주통합특별시 광양시 구마10길 3-10 (중동),
117,유치원,광양중앙초등학교병설유치원,전남광주통합특별시 광양시 불무길 15 (중동),
118,유치원,광양중진초등학교병설유치원,전남광주통합특별시 광양시 광장로 75 (중동),
119,유치원,광양칠성초등학교병설유치원,전남광주통합특별시 광양시 광양읍 서평로 60,
120,유치원,광영초등학교병설유치원,전남광주통합특별시 광양시 금영로 140 (광영동),
121,유치원,리베유치원,전남광주통합특별시 광양시 광양읍 신재로 82 (목성아파트),
122,유치원,부경유치원,전남광주통합특별시 광양시 진등5길 25 (마동),
123,유치원,뽀뽀뽀유치원,전남광주통합특별시 광양시 광영큰골길 26 (광영동),
124,유치원,산새소리숲유치원,전남광주통합특별시 광양시 용장길 219 (성황동),
125,유치원,성황초등학교병설유치원,전남광주통합특별시 광양시 지동길 15 (성황동),
126,유치원,신화유치원,전남광주통합특별시 광양시 공영로 10 (중동,
127,유치원,엔젤유치원,전남광주통합특별시 광양시 등논3길 5-4 (마동),
128,유치원,옥곡초등학교병설유치원,전남광주통합특별시 광양시 옥곡면 옥진로 623,
129,유치원,옥룡초등학교병설유치원,전남광주통합특별시 광양시 옥룡면 신재로 607,
130,유치원,진상초등학교병설유치원,전남광주통합특별시 광양시 진상면 신시2길 44,
131,유치원,진월초등학교병설유치원,전남광주통합특별시 광양시 진월면 방죽1길 10,
132,유치원,태인초등학교병설유치원,전남광주통합특별시 광양시 태인길 95 (태인동),
133,유치원,혜화유치원,전남광주통합특별시 광양시 영수길 94 (광영동),
134,광양_어린이집,가야어린이집,전라남도 광양시 가야로 88,
135,광양_어린이집,경선어린이집,전라남도 광양시 광양읍 인서4길 7,
136,광양_어린이집,고운맘어린이집,"전라남도 광양시 사동로 139 102동 106호(중동, 광양써니밸리아파트)",
137,광양_어린이집,광산특수어린이집,전라남도 광양시 마장1길 9-7,
138,광양_어린이집,광양YMCA어린이집,전라남도 광양시 세동길 17-8,
139,광양_어린이집,광양광영2차부영사랑으로어린이집,전라남도 광양시 금영로 16 광영부영2차아파트 단지내,
140,광양_어린이집,광양동문디이스트어린이집,전라남도 광양시 눈소10길 58 동문디이스트아파트 단지 내,
141,광양_어린이집,광양보듬이나눔이어린이집,전라남도 광양시 시청로 6 (중동),
142,광양_어린이집,광양산이고운마린파크어린이집,전라남도 광양시 항만10로 30 광양산이고운마린파크아파트 단지 내,
143,광양_어린이집,광양세미존서희스타힐스어린이집,전라남도 광양시 광양읍 무선2길 15 광양세미존서희스타힐스어린이집,
144,광양_어린이집,광양센트럴자이어린이집,전라남도 광양시 성황수동로 21 광양센트럴자이아파트 관리동 내,
145,광양_어린이집,광양스위트엠르네상스어린이집,전라남도 광양시 눈소4길 37 광양스위트엠르네상스 단지내,
146,광양_어린이집,광양아카데미어린이집,전라남도 광양시 광양읍 예구9길 18,
147,광양_어린이집,광양어린이집,전라남도 광양시 광양읍 남등4길 16-1,
148,광양_어린이집,광양영무예다음어린이집,전라남도 광양시 중마중앙로 273 영무예다음아파트 단지 내,
149,광양_어린이집,광양의봄어린이집,전라남도 광양시 광영의암2로 2 광양의봄프리미엄2차 단지내,
150,광양_어린이집,광양중흥S클래스어린이집,전라남도 광양시 눈소10길 16 단지 내,
151,광양_어린이집,광양초원어린이집,전라남도 광양시 봉강면 명암길 43-6,
152,광양_어린이집,광양푸르지오더센트럴어린이집,전라남도 광양시 황금4로 53 광양푸르지오더센트럴,
153,광양_어린이집,광양푸르지오더퍼스트어린이집,전라남도 광양시 성황수동로 22 광양푸르지오더퍼스트 단지내,
154,광양_어린이집,광양한라비발디센트럴마크어린이집,전라남도 광양시 황금4로 54 단지 내,
155,광양_어린이집,근로복지공단 광양어린이집,전라남도 광양시 중동2길 28 (중동),
156,광양_어린이집,꼬마또래어린이집,"전라남도 광양시 공영로 39 101-106(중동,호반리젠시빌)",
157,광양_어린이집,꿈나무어린이집,전라남도 광양시 중촌길 49 (중동),
158,광양_어린이집,꿈사랑어린이집,"전라남도 광양시 진등길 40 105동 105호(중동, 대광로제비앙아파트)",
159,광양_어린이집,꿈이자라는어린이집,전라남도 광양시 광양읍 용강1길 12 205동 102호 (창덕에버빌아파트),
160,광양_어린이집,낙원어린이집,전라남도 광양시 옥곡면 금영로 257,
161,광양_어린이집,내친구어린이집,전라남도 광양시 느지매기길 25-16,
162,광양_어린이집,내품에어린이집,"전라남도 광양시 공영로 10 102동 105호(중동, 금광아파트)",
163,광양_어린이집,늘해랑어린이집,전라남도 광양시 와룡길 33 706/103(광양읍 송보파인빌),
164,광양_어린이집,다은어린이집,"전라남도 광양시 광양읍 서북2길 115 광양읍, 이편한세상아파트 103동 내",
165,광양_어린이집,더샵광양베이센트어린이집,전라남도 광양시 황금1로 66 더샵광양베이센트아파트 단지 내,
166,광양_어린이집,더샵프리모어린이집,전라남도 광양시 성황수동로 13 더샵프리모성황아파트 단지 내,
167,광양_어린이집,덕진광양의봄선샤인어린이집,전라남도 광양시 광양읍 용강로 118 덕진광양의봄선샤인아파트 단지 내,
168,광양_어린이집,덕진봄빛어린이집,전라남도 광양시 중마로 369 덕진아파트 205동,
169,광양_어린이집,덕진봄어린이집,전라남도 광양시 광양읍 서평1길 9,
170,광양_어린이집,덕진봄플러스어린이집,전라남도 광양시 광양읍 덕산4길 86 덕진광양의봄플러스아파트 관리동 내,
171,광양_어린이집,덕진키즈맘어린이집,"전라남도 광양시 중마로 367 104동 104호(마동, 덕진광양의봄아파트 1단지내)",
172,광양_어린이집,동심어린이집,전라남도 광양시 광양읍 예구6길 20,
173,광양_어린이집,동화나라어린이집,전라남도 광양시 발섬1길 3-8,
174,광양_어린이집,라온노르웨이숲어린이집,전라남도 광양시 자작길 23 중마노르웨이숲아파트 단지 내,
175,광양_어린이집,리베어린이집,전라남도 광양시 광양읍 신재로 82,
176,광양_어린이집,리베폴어린이집,전라남도 광양시 진등2길 13 302동 1층,
177,광양_어린이집,맘앤아이어린이집,"전라남도 광양시 진등6길 11 109동 102호(마동, 금광블루빌아파트)",
178,광양_어린이집,백합어린이집,전라남도 광양시 광양읍 용두1길 26-16,
179,광양_어린이집,보물섬어린이집,"전라남도 광양시 진등3길 6 중동, 대광로제비앙2차 아파트",
180,광양_어린이집,보은어린이집,전라남도 광양시 광양읍 유당로 64-3,
181,광양_어린이집,사랑가득어린이집,전라남도 광양시 진등길 64 송보파인빌뷰아파트 102동 102호(마동),
182,광양_어린이집,새나라어린이집,전라남도 광양시 광양읍 서평8길 9,
183,광양_어린이집,샛별어린이집,"전라남도 광양시 구마9길 11 중마, 주공2차관리사무소 2층",
184,광양_어린이집,세종어린이집,전라남도 광양시 광장로 112-11 태영1차아파트 단지 내,
185,광양_어린이집,송보나린어린이집,전라남도 광양시 진등길 55-5 송보5차아파트 관리동 내,
186,광양_어린이집,수시아어린이집,전라남도 광양시 광양읍 서산길 43 102동 104호(수시아아파트),
187,광양_어린이집,수퍼루키어린이집,전라남도 광양시 진등6길 51 송보6차아파트 단지 내(마동),
188,광양_어린이집,스마일어린이집,전라남도 광양시 지동길 33-21,
189,광양_어린이집,슬기어린이집,전라남도 광양시 광양읍 와룡5길 7,
190,광양_어린이집,시찌다어린이집,"전라남도 광양시 공영로 39 101동 101호(중동, 호반리젠시빌아파트)",
191,광양_어린이집,신화어린이집,전라남도 광양시 공영로 10 (중동),
192,광양_어린이집,아기둥지어린이집,"전라남도 광양시 광장로 120 202동109호(중동 ,태영@)",
193,광양_어린이집,아기사랑어린이집,전라남도 광양시 가야로 380 4동 101호(가야아파트),
194,광양_어린이집,아이사랑어린이집,전라남도 광양시 서평1길 99 109-101(매화마을 주공아파트),
195,광양_어린이집,아이캐슬어린이집,전라남도 광양시 광양읍 대림오성로 139 오성타워맨션 관리동 내,
196,광양_어린이집,아이편한어린이집,"전라남도 광양시 시청로 62 e편한세상광양아파트, 102동 1층내",
197,광양_어린이집,안데르센어린이집,전라남도 광양시 광장로 112-20 성호 1차 106동 옆 (중동),
198,광양_어린이집,에르가어린이집,전라남도 광양시 광양읍 서산길 5 에르가아파트 상가동,
199,광양_어린이집,에벤에셀어린이집,전라남도 광양시 길호길 91-3,
200,광양_어린이집,엔젤어린이집,전라남도 광양시 등논3길 5-2 (마동),
201,광양_어린이집,온누리어린이집,전라남도 광양시 광양읍 서북5길 25,
202,광양_어린이집,왕자와공주꿈동산어린이집,전라남도 광양시 중촌길 36 (중동),
203,광양_어린이집,용강어린이집,전라남도 광양시 용강2길 11,
204,광양_어린이집,우림아이어린이집,전라남도 광양시 눈소4길 65 102동 1층,
205,광양_어린이집,자연어린이집,전라남도 광양시 광양읍 와룡5길 23,
206,광양_어린이집,중앙어린이집,전라남도 광양시 구마길 38-3,
207,광양_어린이집,진상어린이집,전라남도 광양시 진상면 섬거길 5-14,
208,광양_어린이집,진아리채어린이집,전라남도 광양시 중마1길 21 진아리채아파트 관리동,
209,광양_어린이집,창덕어린이집,전라남도 광양시 광양읍 용강1길 12 창덕에버빌2차 관리동 2층,
210,광양_어린이집,키즈아이원어린이집,전라남도 광양시 대림2길 3,
211,광양_어린이집,태인어린이집,전라남도 광양시 담안2길 16-15,
212,광양_어린이집,파랑새어린이집,전라남도 광양시 광양읍 서평10길 3,
213,광양_어린이집,포스코금당어린이집,전라남도 광양시 초원길 36 포스코금당어린이집,
214,광양_어린이집,포스코금호어린이집,전라남도 광양시 동백길 81 (금호동),
215,광양_어린이집,푸른숲어린이집,전라남도 광양시 광장로 70 성호2차아파트 관리동(중동),
216,광양_어린이집,푸른어린이집,전라남도 광양시 광양읍 대림오성로 11 대림아파트 단지내,
217,광양_어린이집,피노키오유아스쿨어린이집,전라남도 광양시 광양읍 와룡길 9-5,
218,광양_어린이집,하늘꿈어린이집,"전라남도 광양시 중마로 210 (중동, 남양파크 관리동 1층)",
219,광양_어린이집,한빛어린이집,전라남도 광양시 광양읍 은장도길 15-6,
220,광양_어린이집,한아름어린이집,"전라남도 광양시 광장로 84 305동 101호(중동, 성호3차아파트)",
221,광양_어린이집,한올유아스쿨어린이집,전라남도 광양시 광양읍 서평2길 19,
222,광양_어린이집,해맑은어린이집,전라남도 광양시 느지매기길 15-29,
223,광양_어린이집,해오름어린이집,전라남도 광양시 진등1길 33 (중동),
224,광양_어린이집,해처럼어린이집,전라남도 광양시 나룻2길 15 (광영동),
225,광양_어린이집,해피아이어린이집,전라남도 광양시 광영로 141 109동 102호(현대아파트),
226,광양_어린이집,햇빛어린이집,전라남도 광양시 광장로 26 (중동),
227,광양_어린이집,햇살어린이집,전라남도 광양시 광장로 70 212동 109호,
228,광양_어린이집,호반어린이집,전라남도 광양시 공영로 39 호반리젠시빌아파트 단지내 (중동),
229,광양_어린이집,희망찬특수어린이집,전라남도 광양시 광양읍 유당로 228,
230,여수_어린이집,여수사임당어린이집,전남광주 여수시 관문서2길 9-1,
231,여수_어린이집,참솔어린이집,"전남광주 여수시 쌍봉로 316 110동 102호(둔덕동, 한려주공)",
232,여수_어린이집,EQIQ어린이집,전남광주 여수시 문수7길 24 (문수동),
233,여수_어린이집,동화나라어린이집,전남광주 여수시 양지2길 9 동화나라어린이집,
234,여수_어린이집,찬양어린이집,전남광주 여수시 미평남4길 11-2 (미평동),
235,여수_어린이집,미지어린이집,전남광주 여수시 신기북3길 43-14,
236,여수_어린이집,시전사임당어린이집,"전남광주 여수시 여천체육공원길 23 102동 106호(시전동, 우미)",
237,여수_어린이집,초코어린이집,"전남광주 여수시 선소로 72-13 301동 104호(신기동, 부영아파트)",
238,여수_어린이집,꿈많은어린이집,전남광주 여수시 장성3길 44 (안산동),
239,여수_어린이집,꿈사랑어린이집,전남광주 여수시 소호6길 15-7 (소호동),
240,여수_어린이집,사랑가득어린이집,"전남광주 여수시 도원로 204 501동 103호(안산동, 부영5차아파트)",
241,여수_어린이집,엄마랑어린이집,"전남광주 여수시 쌍봉로 32 108동 103호(학동, 신동아파밀리에)",
242,여수_어린이집,초록나무어린이집,"전남광주 여수시 무선로 50 116동 102호(학동, 신동아파밀리에)",
243,여수_어린이집,한나 어린이집,"전남광주 여수시 안산1길 136 105동 109호(안산동, 모아미래도)",
244,여수_어린이집,해피하우스어린이집,"전남광주 여수시 도원로 204 506동 101호(안산동, 부영5차아파트)",
245,여수_어린이집,오뚜기어린이집,전남광주 여수시 여서동6길 8 (여서동),
246,여수_어린이집,예솜어린이집,"전남광주 여수시 봉계대곡길 50 106동 104호(봉계동,아주타운)",
247,여수_어린이집,해들어린이집,"전남광주 여수시 좌수영로 682-34 104동 102호(봉계동, 로얄골드빌)",
248,여수_어린이집,동국어린이집,전남광주 여수시 충무로 87 충무맨션 상가 2층 동국 어린이집,
249,여수_어린이집,남면어린이집,전남광주 여수시 금오로 860,
250,여수_어린이집,청솔어린이집,전남광주 여수시 강남1길 50 여수 돌산1차 청솔아파트 청솔어린이집,
251,여수_어린이집,묘도어린이집,전남광주 여수시 묘도1길 64 묘도어린이집,
252,여수_어린이집,대성베르힐어린이집,전남광주 여수시 여문2로 128-38 대성베르힐 관리동,
253,여수_어린이집,미평하나어린이집,전남광주 여수시 좌수영로 369-3 (미평동),
254,여수_어린이집,삼산어린이집,전남광주 여수시 삼산면 덕흥1길 29,
255,여수_어린이집,죽림1단지어린이집,전남광주 여수시 덕양로 97-9 죽림휴먼시아 1단지내 죽림1단지어린이집,
256,여수_어린이집,죽림2단지어린이집,전남광주 여수시 죽림로 38 죽림휴먼시아2단지내 죽림2단지어린이집,
257,여수_어린이집,중흥보듬이나눔이어린이집,전남광주 여수시 소라면 죽림3길 10 중흥보듬이나눔이어린이집,
258,여수_어린이집,힐스테이트죽림젠트리스어린이집,전남광주 여수시 덕양로 21-18,
259,여수_어린이집,웅천더힐1단지어린이집,전남광주 여수시 웅천로 262 웅천더힐1단지 내,
260,여수_어린이집,웅천어린이집,전남광주 여수시 웅천중앙로 54,
261,여수_어린이집,웅천포레나1단지어린이집,"전남광주 여수시 웅천남8로 24 (웅천동, 여수웅천포레나1단지 관리동)",
262,여수_어린이집,웅천포레나2단지어린이집,"전남광주 여수시 웅천남8로 23 (웅천동, 여수웅천포레나2단지 관리동 내))",
263,여수_어린이집,e편한세상여수더퍼스트어린이집,전남광주 여수시 학동북4길 7,
264,여수_어린이집,쌍봉어린이집,전남광주 여수시 안산1길 181 (안산동),
265,여수_어린이집,안산어린이집,전남광주 여수시 장성3길 30,
266,여수_어린이집,여서어린이집,전남광주 여수시 대치1길 26-3,
267,여수_어린이집,꿈모아어린이집,전남광주 여수시 성산6길 47-10,
268,여수_어린이집,여천어린이집,전남광주 여수시 무선1길 8 (선원동),
269,여수_어린이집,봉계어린이집,"전남광주 여수시 좌수영로 682-34 101동 105호(봉계동,로얄골드빌)",
270,여수_어린이집,연등어린이집,전남광주 여수시 연등6길 54 (연등동),
271,여수_어린이집,수정어린이집,전남광주 여수시 수정2길 11 (수정동),
272,여수_어린이집,나진어린이집,전남광주 여수시 화양면 나진길 16-26 여수시립나진어린이집,
273,여수_어린이집,화정어린이집,전남광주 여수시 화정면 신흥길 32-11,
274,여수_어린이집,해오름어린이집,전남광주 여수시 돌산읍 강남10길 18-20,
275,여수_어린이집,그리스도어린이집,전남광주 여수시 둔덕1길 16 (둔덕동),
276,여수_어린이집,도담어린이집,전남광주 여수시 상암로 16,
277,여수_어린이집,라온어린이집,"전남광주 여수시 용수길 2-9 (둔덕동, 라온어린이집)",
278,여수_어린이집,한려어린이집,전남광주 여수시 쌍봉로 316 한려아파트내 (한려어린이집),
279,여수_어린이집,시티어린이집,"전남광주 여수시 덕충안길 84 204동 1층(덕충동,시티프라디움2단지)",
280,여수_어린이집,초록빛어린이집,"전남광주 여수시 박람회길 61 덕충동, 엑스포힐스테이트 1단지내",
281,여수_어린이집,사과나무어린이집,전남광주 여수시 허문정1길 39 (문수동),
282,여수_어린이집,안데르센어린이집,전남광주 여수시 여문2로 53-4,
283,여수_어린이집,양우내안애어린이집,전남광주 여수시 소라면 도원로 80 (죽림 양우내안애),
284,여수_어린이집,여수죽림1차부영사랑으로어린이집,전남광주 여수시 소라면 죽림로 10 (죽림부영1단지내 보육시설),
285,여수_어린이집,여수죽림2차부영사랑으로어린이집,전남광주 여수시 소라면 덕양로 114 (죽림부영2차내),
286,여수_어린이집,고우나어린이집,전남광주 여수시 시전4길 9 (신기동),
287,여수_어린이집,더테라스어린이집,전남광주 여수시 웅천남1로 99,
288,여수_어린이집,로제비앙어린이집,전남광주 여수시 신기북7길 30 대광로제비앙샌텀29 관리동,
289,여수_어린이집,민들레어린이집,"전남광주 여수시 웅천중앙로 33 (웅천동, 웅천지웰2차)",
290,여수_어린이집,여수웅천1차부영사랑으로어린이집,"전남광주 여수시 웅천로 189 웅천동, 여수웅천 부영1차아파트",
291,여수_어린이집,여수웅천2차부영사랑으로어린이집,"전남광주 여수시 웅천로 261 웅천동, 여수웅천 부영2차아파트",
292,여수_어린이집,여수웅천3차부영사랑으로어린이집,전남광주 여수시 웅천로 291 웅천 부영3차,
293,여수_어린이집,예울어린이집,전남광주 여수시 예울마루로 30 107동 1층,
294,여수_어린이집,웅천포레스트1단지부영사랑으로어린이집,전남광주 여수시 웅천로 292 웅천포레스트부영1단지,
295,여수_어린이집,웅천포레스트2단지부영사랑으로 어린이집,전남광주 여수시 여서로 55 웅천포레스트 2단지,
296,여수_어린이집,지웰 꿈꾸는어린이집,전남광주 여수시 예울마루로 30 (웅천지웰아파트),
297,여수_어린이집,지웰3단지 어린이집,전남광주 여수시 웅천중앙로 47 웅천 지웰3단지 내,
298,여수_어린이집,개구쟁이어린이집,전남광주 여수시 장성2길 41 (안산동),
299,여수_어린이집,더조은어린이집,전남광주 여수시 소호5길 39 주은금호 3차,
300,여수_어린이집,신동아파밀리에어린이집,전남광주 여수시 무선로 50 신동아파밀리에 단지 내,
301,여수_어린이집,참예쁜어린이집,전남광주 여수시 소호6길 11 (소호동),
302,여수_어린이집,다솜어린이집,전남광주 여수시 대치1길 82-1,
303,여수_어린이집,배울학어린이집,전남광주 여수시 여서동4길 6 (여서동),
304,여수_어린이집,리틀세화어린이집,전남광주 여수시 선원7길 52 (선원동),
305,여수_어린이집,이좋은어린이집,전남광주 여수시 덕양로 157 무선주공아파트 관리소 1층 (화장동),
306,여수_어린이집,지에이그린웰어린이집,전남광주 여수시 신월3길 18-5 지에이그린웰어린이집 관리동,
307,여수_어린이집,로얄어린이집,전남광주 여수시 좌수영로 682-34 로얄아파트 관리동,
308,여수_어린이집,주사랑어린이집,전남광주 여수시 고소3길 114 (고소동),
309,여수_어린이집,여천제일어린이집,전남광주 여수시 학동서4길 58-20,
310,여수_어린이집,꽃동산어린이집,전남광주 여수시 신월로 533 (신월동),
311,여수_어린이집,아가방어린이집,전남광주 여수시 장군산길 63 (오림동),
312,여수_어린이집,샘터특수어린이집,전남광주 여수시 대교로 61 (봉산동),
313,여수_어린이집,샬롬어린이집,전남광주 여수시 만성로 337 (만흥동),
314,여수_어린이집,홍익어린이집,전남광주 여수시 충민사길 31 (덕충동),
315,여수_어린이집,고려어린이집,"전남광주 여수시 문수북6길 35-1 35,33-2(문수동)",
316,여수_어린이집,베타니아생태어린이집,전남광주 여수시 문수7길 26-12,
317,여수_어린이집,꽃들어린이집,전남광주 여수시 소정길 30 (미평동),
318,여수_어린이집,꿈미래재롱이어린이집,전남광주 여수시 봉강서1길 33 (봉강동),
319,여수_어린이집,소라어린이집,전남광주 여수시 소라면 조산로 286,
320,여수_어린이집,천우어린이집,전남광주 여수시 신기남3길 11 (신기동),
321,여수_어린이집,이화어린이집,전남광주 여수시 장성2길 19 (안산동),
322,여수_어린이집,참사랑어린이집,전남광주 여수시 여서로 226-3 (여서동),
323,여수_어린이집,한빛어린이집,전남광주 여수시 대치1길 26-6,
324,여수_어린이집,중앙어린이집,전남광주 여수시 성산4길 9-6 (화장동),
325,여수_어린이집,리라어린이집,전남광주 여수시 신월로 561-6 (신월동),
326,여수_어린이집,꿈동산어린이집,전남광주 여수시 율촌면 동산개길 19-3,
327,여수_어린이집,롯데케미칼 첨단소재 여수mom편한 어린이집,"전남광주 여수시 새터로 6 신기동, 롯데첨단소재 사택 내",
328,여수_어린이집,DL케미칼여수한숲어린이집,전남광주 여수시 시청로 5 DL케미칼 1사택 내 복지시설 1층,
329,여수_어린이집,GS칼텍스 지예슬어린이집,전남광주 여수시 소호로 449 GS칼텍스 쌍봉사택,
330,여수_어린이집,LG여수어린이집,"전남광주 여수시 소호로 619 (소호동, 엘지화학사택내)",
331,여수_어린이집,여수시청직장어린이집,"전남광주 여수시 시청동1길 30 (학동, 여수시청직장어린이집)",
332,여수_어린이집,한화솔루션 여천NCC공동어린이집,"전남광주 여수시 소호로 513 (소호동, 한화케미칼 사택)",
333,여수_어린이집,여수경찰서어린이집,전남광주 여수시 여서동5길 21,
334,여수_어린이집,롯데케미칼 mom편한 어린이집,"전남광주 여수시 무선로 27 선원동, 롯데케미칼 사택 내",
335,여수_어린이집,한화여수 어린이집,전남광주 여수시 신월8길 35-8 (신월동),
336,순천_어린이집,풍덕어린이집,전라남도 순천시 역전광장3길 15 (풍덕동),57962
337,순천_어린이집,영현어린이집,전라남도 순천시 별량면 봉덕1길 27,58032
338,순천_어린이집,연향어린이집,전라남도 순천시 연향2로 60 (연향동),57981
339,순천_어린이집,강청어린이집,전라남도 순천시 서면 강청길 134,57926
340,순천_어린이집,저전보듬이나눔이어린이집,전라남도 순천시 정충사길 5 (저전동),57957
341,순천_어린이집,보배어린이집,"전라남도 순천시 연향2로 55 (연향동, 대우아파트) 관리동",57976
342,순천_어린이집,선양어린이집,전라남도 순천시 덕월1길 34 (덕월동),57997
343,순천_어린이집,서영어린이집,전라남도 순천시 두지길 16 (조례동),57931
344,순천_어린이집,남순천어린이집,전라남도 순천시 산행길 13 (옥천동),57941
345,순천_어린이집,우석어린이집,전라남도 순천시 서면 선평길 11,57925
346,순천_어린이집,도레미어린이집,전라남도 순천시 봉화2길 139 (조례동),57934
347,순천_어린이집,봉화어린이집,전라남도 순천시 업동2길 33 (용당동),57935
348,순천_어린이집,동부어린이집,전라남도 순천시 동문외2길 15 (동외동),57942
349,순천_어린이집,현대어린이집,전라남도 순천시 가곡길 82-11 (가곡동),57923
350,순천_어린이집,성가롤로병원어린이집,전라남도 순천시 순광로 221,57931
351,순천_어린이집,가곡어린이집,전라남도 순천시 서면 선평길 25,57925
352,순천_어린이집,삐아제어린이집,전라남도 순천시 덕암삼거리길 48 (덕암동),57965
353,순천_어린이집,송죽원어린이집,전라남도 순천시 상대석길 103 (연향동),57982
354,순천_어린이집,수정어린이집,전라남도 순천시 해룡면 좌야로 135 604동 102호(중흥에스-클래스 6단지 메가타운),58006
355,순천_어린이집,피노키오어린이집,전라남도 순천시 덕암2길 40 (연향동),57991
356,순천_어린이집,예사랑어린이집,전라남도 순천시 기적의도서관길 90 (부영3차아파트) 관리동,57984
357,순천_어린이집,예슬아어린이집,"전라남도 순천시 지봉로 485 (조례동, 대주아파트) 관리동",57969
358,순천_어린이집,코끼리어린이집,전라남도 순천시 복성길 9 (해룡면),57972
359,순천_어린이집,하나둘셋어린이집,전라남도 순천시 상성길 274 (해룡면),58005
360,순천_어린이집,예쁜어린이집,"전라남도 순천시 연향번영길 94 (연향동, 연향동 동성아파트) 관리동",57977
361,순천_어린이집,대광새싹어린이집,전라남도 순천시 해룡면 연향로 166 (대광로제비앙-센트럴) 관리동,58005
362,순천_어린이집,삼성프렌즈어린이집,"전라남도 순천시 삼산로 135-5 (용당동, 삼성아파트) 관리동",57936
363,순천_어린이집,파란나라어린이집,"전라남도 순천시 조례연동길 5 (조례동, 순천조례3차 대주파크빌) 관리동",57948
364,순천_어린이집,평안어린이집,전라남도 순천시 삼산로 92-23 (용당동),57935
365,순천_어린이집,아이꿈터어린이집,전라남도 순천시 신흥중1길 13 (해룡면),57975
366,순천_어린이집,아림킨더하우스어린이집,전라남도 순천시 왕지로 153 (왕지동),57931
367,순천_어린이집,금당제일어린이집,전라남도 순천시 순광로 177 (조례동),57931
368,순천_어린이집,천사어린이집,"전라남도 순천시 봉화2길 116 (조례동, 조례주공7단지아파트) 관리동",57946
369,순천_어린이집,배들어린이집,전라남도 순천시 배들이길 17 (선평배들마을아파트) 관리동,57925
370,순천_어린이집,아이키움어린이집,"전라남도 순천시 안산길 5 (연향동, 호반리젠시빌1차아파트) 관리동",58004
371,순천_어린이집,샛별어린이집,전라남도 순천시 석현길 63 (석현동),57922
372,순천_어린이집,은현어린이집,전라남도 순천시 수박등3길 52 (생목동),57953
373,순천_어린이집,꿈의땅어린이집,전라남도 순천시 이수1길 35-24 (생목동),57965
374,순천_어린이집,슬기별어린이집,전라남도 순천시 용당초등길 33-27 (용당동),57936
375,순천_어린이집,꿈동산몬테소리어린이집,전라남도 순천시 팔마로 269 (연향동),57992
376,순천_어린이집,동글동글어린이집,전라남도 순천시 소안길 48 (해룡면),58019
377,순천_어린이집,해바라기어린이집,전라남도 순천시 송정길 36-55 (조례동),57944
378,순천_어린이집,연향삐아제어린이집,전라남도 순천시 율산길 37-13 (연향동),58003
379,순천_어린이집,이솝어린이집,전라남도 순천시 연동남1길 31 (조례동),57970
380,순천_어린이집,한샘어린이집,"전라남도 순천시 덕월길 22 102동 106호(덕월동, 우성아파트)",57997
381,순천_어린이집,아기천사어린이집,전라남도 순천시 장선배기길 90 (조례동),57974
382,순천_어린이집,아이꿈어린이집,"전라남도 순천시 연동남길 24 109동 105호(조례동, 연동대주파크빌1차아파트)",57971
383,순천_어린이집,샬롬비테에어린이집,전라남도 순천시 해룡면 신대로 66 218동 102호(중흥에스-클래스2단지),58017
384,순천_어린이집,아해뜰어린이집,전라남도 순천시 도장길 31 (연향동),58003
385,순천_어린이집,ing몬테소리어린이집,"전라남도 순천시 봉화2길 128 205동 105호(조례동, 대림2차아파트)",57934
386,순천_어린이집,어깨동무어린이집,"전라남도 순천시 조례연동길 5 310동 105호(조례동, 순천조례3차 대주파크빌)",57948
387,순천_어린이집,꼬마또래어린이집,"전라남도 순천시 연향1로 40 105동 102호(연향동, 금호아파트)",57989
388,순천_어린이집,신원어린이집,"전라남도 순천시 지봉로 372-5 101동 103호 (해룡면, 신원아르시스)",57973
389,순천_어린이집,청암어린이집,"전라남도 순천시 백연길 105 201동 107호(조례동, 연동대주파크빌아파트)",57971
390,순천_어린이집,새나라어린이집,"전라남도 순천시 생목길 1 (생목동, 벽산아파트) 관리동",57952
391,순천_어린이집,새꿈어린이집,전라남도 순천시 해룡면 신대로 66 210동 101호(중흥에스-클래스2단지),58017
392,순천_어린이집,코아루어린이집,"전라남도 순천시 안산길 50 103동 101호(연향동, 코아루아파트)",58004
393,순천_어린이집,동화나라어린이집,전라남도 순천시 상대석길 13 902동 108호(부영9차아파트),57983
394,순천_어린이집,참사랑어린이집,"전라남도 순천시 오천4길 21 104동 103호(풍덕동, 골드클레스)",57998
395,순천_어린이집,대주파크어린이집,"전라남도 순천시 조례연동길 5 310동 103호(조례동, 연동대주파크빌3차아파트)",57948
396,순천_어린이집,리틀영재어린이집,전라남도 순천시 해룡면 좌야로 135 614동 103호(중흥에스-클래스 6단지 메가타운),58006
397,순천_어린이집,뽀로롱어린이집,전라남도 순천시 율산공원길 16 (연향동),58003
398,순천_어린이집,사과나무어린이집,전라남도 순천시 해룡면 좌야로 159-14 912동 102호(중흥에듀힐스9단지),58006
399,순천_어린이집,키즈fun칼리지어린이집,전라남도 순천시 동명초등길 13 (해룡면),57986
400,순천_어린이집,순천제일대학교보육교사교육원부설어린이집,전라남도 순천시 제일대학길 17 (덕월동) 순천제일대학교,57997
401,순천_어린이집,한솔어린이집,전라남도 순천시 해룡면 신대로 96 315-103(중흥에스-클래스3단지),58015
402,순천_어린이집,더조은어린이집,"전라남도 순천시 팔마4길 40 106동 104호(연향동, 세영더조은아파트)",58002
403,순천_어린이집,여이레몬테소리어린이집,"전라남도 순천시 조례연동길 5 311동 106호(조례동, 순천조례 대주파크빌)",57948
404,순천_어린이집,프뢰벨어린이집,"전라남도 순천시 가곡길 30 101동 104호(가곡동, 신영아파트)",57923
405,순천_어린이집,킨더스쿨어린이집,"전라남도 순천시 연향중앙상가길 41 202동 104호(연향동, 연향2단지 현대아파트)",57976
406,순천_어린이집,꼬마영재어린이집,"전라남도 순천시 왕궁길 95 106동 102호(조례동, 왕지송촌프라임아파트)",57970
407,순천_어린이집,하늘아이어린이집,"전라남도 순천시 왕궁길 55 102동 101호 (조례동,왕지아파트)",57970
408,순천_어린이집,아띠어린이집,전라남도 순천시 율산공원길 97 (연향동),58003
409,순천_어린이집,송촌하늘아이어린이집,전라남도 순천시 왕궁길 95 106동 103호(왕지송촌프라임아파트),57970
410,순천_어린이집,숲속어린이집,전라남도 순천시 충숙길 42 (용당동),57935
411,순천_어린이집,청아어린이집,전라남도 순천시 해룡면 좌야로 135 607동 101호(중흥에스-클래스6단지메가타운),58006
412,순천_어린이집,으뜸어린이집,전라남도 순천시 비봉길 21 (조례동),57933
413,순천_어린이집,햇빛어린이집,"전라남도 순천시 대석길 98 202동 105호(해룡면, 청솔아파트)",57985
414,순천_어린이집,키즈비전어린이집,전라남도 순천시 해룡면 좌야로 135 601동 102호(중흥에스-클래스 6단지 메가타운),58006
415,순천_어린이집,우주어린이집,"전라남도 순천시 비봉2길 22 (조례동, 시대아파트) 관리동",57929
416,순천_어린이집,뽀뽀어린이집,"전라남도 순천시 장선배기길 55 103동 105호(조례동, 동신1차아파트)",57969
417,순천_어린이집,꿈꾸는어린이집,"전라남도 순천시 연향중앙상가길 56 104동 108호(연향동, 동부아파트)",57977
418,순천_어린이집,오렌지어린이집,전라남도 순천시 대석초등길 69 (연향동),57987
419,순천_어린이집,아름다운어린이집,전라남도 순천시 덕암1길 8 (덕암동),57965
420,순천_어린이집,꿈나무어린이집,전라남도 순천시 해룡면 신대로 97 506-105(신대중흥s클래스5단지),58014
421,순천_어린이집,한빛어린이집,전라남도 순천시 오리정3길 64 (석현동),57937
422,순천_어린이집,엄마품어린이집,전라남도 순천시 해룡면 신대로 96 308동 102호(중흥에스-클래스3단지),58015
423,순천_어린이집,꼬마화가어린이집,전라남도 순천시 삼동안길 33 (해룡면),57973
424,순천_어린이집,낙안어린이집,전라남도 순천시 낙안면 민속마을길 1690,57918
425,순천_어린이집,아이숲어린이집,전라남도 순천시 해룡면 기적의도서관길 90 305동 103호(부영3차아파트),57984
426,순천_어린이집,승주어린이집,전라남도 순천시 승주읍 승평길 15,57908
427,순천_어린이집,꿈나래어린이집,"전라남도 순천시 연향1로 40 3동 106호(연향동, 금호아파트)",57989
428,순천_어린이집,오즈어린이집,"전라남도 순천시 조례1길 9 107동 101호(조례동, 금호아파트)",57947
429,순천_어린이집,휴튼어린이집,"전라남도 순천시 조례1길 60 (조례동, 남양휴튼) 관리동",57947
430,순천_어린이집,삼산어린이집,"전라남도 순천시 삼산로 103-13 109동 101호(용당동, 현대아파트)",57936
431,순천_어린이집,온누리어린이집,"전라남도 순천시 봉화1길 146 902동104호(조례동, 봉화그린빌아파트)",57945
432,순천_어린이집,태양어린이집,"전라남도 순천시 장선배기길 63 201동 105호(조례동, 중흥2차아파트)",57969
433,순천_어린이집,대주하늘꿈어린이집,"전라남도 순천시 기적의도서관2길 35 105동 103호(연향동, 대주파크빌아파트)",57987
434,순천_어린이집,색깔나라어린이집,"전라남도 순천시 연향2로 56 102동 108호(연향동, 우미아파트)",57981
435,순천_어린이집,동부종합복지관 어린이집,전라남도 순천시 장선배기길 18 (조례동),57975
436,순천_어린이집,라움어린이집,"전라남도 순천시 왕지3길 60 (왕지동, 롯데캐슬아파트) 관리동",57930
437,순천_어린이집,가곡참샘어린이집,"전라남도 순천시 고지1길 57 (가곡동, 참샘마을휴먼시아) 관리동",57924
438,순천_어린이집,동그라미유아스쿨어린이집,"전라남도 순천시 장선배기길 77 (조례동,부영5차아파트) 관리동",57969
439,순천_어린이집,두산위브어린이집,"전라남도 순천시 왕지3길 55 (왕지동, 순천두산위브1단지아파트) 관리동",57930
440,순천_어린이집,아이조아어린이집,"전라남도 순천시 왕지5길 9-26 (왕지동, 순천두산위브2단지아파트) 관리동",57930
441,순천_어린이집,라송어린이집,"전라남도 순천시 강청길 82 (서면, 라송 센트럴카운티) 관리동",57926
442,순천_어린이집,현대키즈어린이집,"전라남도 순천시 연향중앙상가길 80 106동 104호(연향동, 현대1차아파트)",57980
443,순천_어린이집,정다운어린이집,전라남도 순천시 봉화로 231 (조례동),57945
444,순천_어린이집,너랑나랑어린이집,전라남도 순천시 해룡면 좌야로 101 101동 105호(중흥에스-클래스1단지아파트),58013
445,순천_어린이집,아기별어린이집,"전라남도 순천시 왕지3길 60 102동 102호(왕지동, 롯데캐슬아파트)",57930
446,순천_어린이집,키즈러브어린이집,전라남도 순천시 해룡면 좌야로 101 104동 101호 (중흥에스-클래스1단지아파트),58013
447,순천_어린이집,꼬마친구어린이집,전라남도 순천시 서면 강청길 82 106동 103호 (순천 라송 센트럴카운티),57926
448,순천_어린이집,대주키즈맘어린이집,"전라남도 순천시 조례연동길 5 312동 102호(조례동, 순천조례3차대주파크빌)",57948
449,순천_어린이집,청미래어린이집,"전라남도 순천시 호현1길 26 302동 102호 (덕월동, 청미래아파트)",58026
450,순천_어린이집,아이꽃어린이집,전라남도 순천시 해룡면 좌야로 101 (중흥에스-클래스1단지) 관리동(108동 1층),58013
451,순천_어린이집,코레일순천어린이집,전라남도 순천시 율전1길 12,57955
452,순천_어린이집,신대참이어린이집,전라남도 순천시 해룡면 신대로 66 (중흥에스-클래스2단지) 관리동,58017
453,순천_어린이집,신대어린이집,전라남도 순천시 해룡면 매안4길 34,58016
454,순천_어린이집,아이유어린이집,전라남도 순천시 해룡면 신대로 97 (중흥에스-클래스5단지) 관리동,58014
455,순천_어린이집,온새미로어린이집,전라남도 순천시 해룡면 신대로 96 (중흥에스-클래스3단지) 관리동,58015
456,순천_어린이집,수피아어린이집,"전라남도 순천시 삼산로 92-50 (용당동, 용당피오레)",57935
457,순천_어린이집,송보이든어린이집,"전라남도 순천시 구암3길 22 (연향동, 송보파인빌아파트) 관리동",57991
458,순천_어린이집,로제비앙어린이집,전라남도 순천시 해룡면 백연길 105-7 (대광로제비앙),57973
459,순천_어린이집,엘리시아어린이집,"전라남도 순천시 오천8길 15 (오천동, 호반베르디움아파트)관리동(106동 1층)",57996
460,순천_어린이집,엘리시아어린이집,"전라남도 순천시 오천8길 15 (오천동, 호반베르디움아파트)관리동(106동 1층)",57996
461,순천_어린이집,하늘숲어린이집,전라남도 순천시 해룡면 좌야로 135 중흥에스-클래스 6단지 메가타운) 관리동,58006
462,순천_어린이집,오천보듬이나눔이어린이집,전라남도 순천시 풍덕새길 37 (풍덕동),57995
463,순천_어린이집,골드클래스어린이집,"전라남도 순천시 오천4길 21 (오천동, 골드클래스)",57998
464,순천_어린이집,골드클래스어린이집,"전라남도 순천시 오천4길 21 (오천동, 골드클래스)",57998
465,순천_어린이집,신대푸르니어린이집,전라남도 순천시 매안로 162 (신대행정복합시설),58007
466,순천_어린이집,순천대학교어린이집,전라남도 순천시 중앙로 255,57922
467,순천_어린이집,진아리채어린이집,"전라남도 순천시 오천1길 20 (오천동, 진아리채파크원) 관리동",57999
468,순천_어린이집,오천부영사랑으로 어린이집,"전라남도 순천시 오천7길 12 (오천동, 순천오천사랑으로부영아파트) 관리동",57998
469,순천_어린이집,순천시청직장어린이집,전라남도 순천시 장천안길 8,57956
470,순천_어린이집,선평빛찬들어린이집,전라남도 순천시 서면 선평동선길 36 선평빛찬들아파트,57925
471,순천_어린이집,해다미어린이집,전라남도 순천시 오천7길 11,57998
472,순천_어린이집,신대중흥8차에코둥이어린이집,전라남도 순천시 해룡면 신대로 147 (중흥에코시티8단지) 관리동,58007
473,순천_어린이집,신대중흥7차에코누리어린이집,전라남도 순천시 해룡면 좌야로 150 (중흥에코시티7단지) 관리동,58007
474,순천_어린이집,덕진봄이어린이집,"전라남도 순천시 용당삼산로 63 (용당동, 덕진 순천의 봄 아파트) 관리동",57936
475,순천_어린이집,신대중흥9차에듀힐스어린이집,전라남도 순천시 해룡면 좌야로 159-14 (중흥에듀힐스9단지) 관리동,58006
476,순천_어린이집,용당아이편한어린이집,"전라남도 순천시 용당삼산로 29 (용당동, e편한세상 순천 1단지) 관리동",57936
477,순천_어린이집,신매곡어린이집,"전라남도 순천시 삼산초등길 20 (매곡동, 신매곡 서한이다음) 관리동",57939
478,순천_어린이집,신대중흥10차에듀하이어린이집,전라남도 순천시 좌야로 179 (중흥에스-클래스에듀하이10단지) 관리동,58006
479,순천_어린이집,현대제철순천어린이집,전라남도 순천시 신대4길 4-55 (현대제철순천어린이집),58011
480,순천_어린이집,노리숲어린이집,전라남도 순천시 기적의도서관길 95 우미1차 관리동 1층,57983
481,순천_어린이집,해가빛어린이집,전라남도 순천시 원가곡길 75 양우내안애 관리동,57924
482,순천_어린이집,영무자연어린이집,전라남도 순천시 장승길 27 관리동 1층,57948
483,순천_어린이집,조이랜드어린이집,전라남도 순천시 태봉길 31 골드클래스 시그니처 관리실 내,57947
484,순천_어린이집,한신더휴어린이집,전라남도 순천시 순광로 234-8 한신더휴아파트 단지내,57972
485,순천_어린이집,아람어린이집,전라남도 순천시 대석길 98 청솔2차아파트 관리동,57985
486,순천_어린이집,신우직장어린이집,전라남도 순천시 선창길 53-9,58020
487,순천_어린이집,아하키즈어린이집,전라남도 순천시 연향1로 40,57989
488,순천_어린이집,금호어울림어린이집,전라남도 순천시 강청새길 5,57926
489,순천_어린이집,사랑모아어린이집,전라남도 순천시 선평윗길 23 모아엘가리버파크,57925
490,순천_어린이집,포레나어린이집,전라남도 순천시 선평동선길 12,57925
491,순천_어린이집,더어울림어린이집,전라남도 순천시 선평강청큰길 81 금호어울림더파크2차 관리동 1층,57926
492,순천_어린이집,조곡아이편한어린이집,전라남도 순천시 둑실1길 45 순천어반타워 관리동,57943
493,순천_어린이집,수자인어린이집,전라남도 순천시 삼산로 173 관리동 1층,57936
494,순천_어린이집,순천경찰서어린이집,전라남도 순천시 조비길 2 순천경찰서 내,57923
495,순천_어린이집,가곡대광어린이집,전라남도 순천시 중앙로 530 가곡 대광로제비앙 리버팰리스 공동주택 104동 1층,57925
496,순천_어린이집,트리마제1단지어린이집,"전라남도 순천시 왕조로 55 (조례동, 트리마제순천1단지)",57931
497,순천_어린이집,트리마제2단지어린이집,"전라남도 순천시 왕조로 77 (조례동, 트리마제순천2단지)",57931
498,순천_어린이집,오네뜨어린이집,"전라남도 순천시 우명새길 25 (조례동, 순천오네뜨센트럴)",57966
499,순천_어린이집,골드킹덤어린이집,전라남도 순천시 봉화1길 83 조례골드클래스3차 308동 로비층,57944
